-- phpMyAdmin SQL Dump
-- version 5.2.1
-- https://www.phpmyadmin.net/
--
-- Host: 127.0.0.1
-- Generation Time: Jan 14, 2025 at 07:41 PM
-- Server version: 10.4.32-MariaDB
-- PHP Version: 8.2.12

SET SQL_MODE = "NO_AUTO_VALUE_ON_ZERO";
START TRANSACTION;
SET time_zone = "+00:00";


/*!40101 SET @OLD_CHARACTER_SET_CLIENT=@@CHARACTER_SET_CLIENT */;
/*!40101 SET @OLD_CHARACTER_SET_RESULTS=@@CHARACTER_SET_RESULTS */;
/*!40101 SET @OLD_COLLATION_CONNECTION=@@COLLATION_CONNECTION */;
/*!40101 SET NAMES utf8mb4 */;

--
-- Database: `bank`
--

-- --------------------------------------------------------

--
-- Table structure for table `account`
--

CREATE TABLE `account` (
  `account_number` varchar(20) NOT NULL,
  `branch_name` varchar(100) DEFAULT NULL,
  `balance` int(11) DEFAULT NULL
) ENGINE=InnoDB DEFAULT CHARSET=utf8mb4 COLLATE=utf8mb4_general_ci;

--
-- Dumping data for table `account`
--

INSERT INTO `account` (`account_number`, `branch_name`, `balance`) VALUES
('A-101', 'Perryridge', 5000),
('A-102', 'Downtown', 15000),
('A-103', 'Mianus', 3000);

-- --------------------------------------------------------

--
-- Table structure for table `borrower`
--

CREATE TABLE `borrower` (
  `customer_name` varchar(100) DEFAULT NULL,
  `loan_number` varchar(20) DEFAULT NULL
) ENGINE=InnoDB DEFAULT CHARSET=utf8mb4 COLLATE=utf8mb4_general_ci;

--
-- Dumping data for table `borrower`
--

INSERT INTO `borrower` (`customer_name`, `loan_number`) VALUES
('John Smith', 'L-101'),
('Alice Johnson', 'L-102'),
('Bob Brown', 'L-103');

-- --------------------------------------------------------

--
-- Table structure for table `branch`
--

CREATE TABLE `branch` (
  `branch_name` varchar(100) NOT NULL,
  `branch_city` varchar(100) DEFAULT NULL,
  `assets` int(11) DEFAULT NULL
) ENGINE=InnoDB DEFAULT CHARSET=utf8mb4 COLLATE=utf8mb4_general_ci;

--
-- Dumping data for table `branch`
--

INSERT INTO `branch` (`branch_name`, `branch_city`, `assets`) VALUES
('Downtown', 'Brooklyn', 2000000),
('Mianus', 'Stamford', 1000000),
('Perryridge', 'Harrison', 1500000);

-- --------------------------------------------------------

--
-- Table structure for table `customer`
--

CREATE TABLE `customer` (
  `customer_name` varchar(100) NOT NULL,
  `customer_street` varchar(100) DEFAULT NULL,
  `customer_city` varchar(100) DEFAULT NULL
) ENGINE=InnoDB DEFAULT CHARSET=utf8mb4 COLLATE=utf8mb4_general_ci;

--
-- Dumping data for table `customer`
--

INSERT INTO `customer` (`customer_name`, `customer_street`, `customer_city`) VALUES
('Alice Johnson', '456 Elm St', 'Stamford'),
('Bob Brown', '789 Pine St', 'Brooklyn'),
('John Smith', '123 Main St', 'Harrison');

-- --------------------------------------------------------

--
-- Table structure for table `depositor`
--

CREATE TABLE `depositor` (
  `customer_name` varchar(100) DEFAULT NULL,
  `account_number` varchar(20) DEFAULT NULL
) ENGINE=InnoDB DEFAULT CHARSET=utf8mb4 COLLATE=utf8mb4_general_ci;

--
-- Dumping data for table `depositor`
--

INSERT INTO `depositor` (`customer_name`, `account_number`) VALUES
('John Smith', 'A-101'),
('Alice Johnson', 'A-102'),
('Bob Brown', 'A-103');

-- --------------------------------------------------------

--
-- Table structure for table `loan`
--

CREATE TABLE `loan` (
  `loan_number` varchar(20) NOT NULL,
  `branch_name` varchar(100) DEFAULT NULL,
  `amount` int(11) DEFAULT NULL
) ENGINE=InnoDB DEFAULT CHARSET=utf8mb4 COLLATE=utf8mb4_general_ci;

--
-- Dumping data for table `loan`
--

INSERT INTO `loan` (`loan_number`, `branch_name`, `amount`) VALUES
('L-101', 'Perryridge', 1500),
('L-102', 'Downtown', 2000),
('L-103', 'Perryridge', 1200);

--
-- Indexes for dumped tables
--

--
-- Indexes for table `account`
--
ALTER TABLE `account`
  ADD PRIMARY KEY (`account_number`),
  ADD KEY `branch_name` (`branch_name`);

--
-- Indexes for table `borrower`
--
ALTER TABLE `borrower`
  ADD KEY `customer_name` (`customer_name`),
  ADD KEY `loan_number` (`loan_number`);

--
-- Indexes for table `branch`
--
ALTER TABLE `branch`
  ADD PRIMARY KEY (`branch_name`);

--
-- Indexes for table `customer`
--
ALTER TABLE `customer`
  ADD PRIMARY KEY (`customer_name`);

--
-- Indexes for table `depositor`
--
ALTER TABLE `depositor`
  ADD KEY `customer_name` (`customer_name`),
  ADD KEY `account_number` (`account_number`);

--
-- Indexes for table `loan`
--
ALTER TABLE `loan`
  ADD PRIMARY KEY (`loan_number`),
  ADD KEY `branch_name` (`branch_name`);

--
-- Constraints for dumped tables
--

--
-- Constraints for table `account`
--
ALTER TABLE `account`
  ADD CONSTRAINT `account_ibfk_1` FOREIGN KEY (`branch_name`) REFERENCES `branch` (`branch_name`);

--
-- Constraints for table `borrower`
--
ALTER TABLE `borrower`
  ADD CONSTRAINT `borrower_ibfk_1` FOREIGN KEY (`customer_name`) REFERENCES `customer` (`customer_name`),
  ADD CONSTRAINT `borrower_ibfk_2` FOREIGN KEY (`loan_number`) REFERENCES `loan` (`loan_number`);

--
-- Constraints for table `depositor`
--
ALTER TABLE `depositor`
  ADD CONSTRAINT `depositor_ibfk_1` FOREIGN KEY (`customer_name`) REFERENCES `customer` (`customer_name`),
  ADD CONSTRAINT `depositor_ibfk_2` FOREIGN KEY (`account_number`) REFERENCES `account` (`account_number`);

--
-- Constraints for table `loan`
--
ALTER TABLE `loan`
  ADD CONSTRAINT `loan_ibfk_1` FOREIGN KEY (`branch_name`) REFERENCES `branch` (`branch_name`);
COMMIT;

/*!40101 SET CHARACTER_SET_CLIENT=@OLD_CHARACTER_SET_CLIENT */;
/*!40101 SET CHARACTER_SET_RESULTS=@OLD_CHARACTER_SET_RESULTS */;
/*!40101 SET COLLATION_CONNECTION=@OLD_COLLATION_CONNECTION */;
